order_id,side,symbol,price,qty
0,ASK,GOOGL,148.25,5
1,ASK,GOOGL,154.52,2
2,BID,GOOGL,146.42,2
3,ASK,GOOGL,152.42,5
4,BID,GOOGL,150.41,2
5,ASK,GOOGL,148.69,1
6,ASK,GOOGL,150.42,5
7,BID,GOOGL,149.93,1
8,BID,GOOGL,146.16,3
9,BID,GOOGL,147.67,3
10,BID,GOOGL,149.1,5
11,ASK,GOOGL,154.51,5
12,ASK,GOOGL,151.42,5
13,ASK,GOOGL,151.9,5
14,ASK,GOOGL,149.08,2
15,BID,GOOGL,150.52,5
16,ASK,GOOGL,154.03,5
17,BID,GOOGL,151.82,1
18,BID,GOOGL,148.06,4
19,ASK,GOOGL,151.05,1
20,ASK,GOOGL,153.89,5
21,ASK,GOOGL,150.08,5
22,BID,GOOGL,147.27,2
23,ASK,GOOGL,149.37,2
24,ASK,GOOGL,152.78,1
25,ASK,GOOGL,154.3,4
26,ASK,GOOGL,153.8,2
27,ASK,GOOGL,152.18,4
28,ASK,GOOGL,154.8,1
29,ASK,GOOGL,149.92,4
30,ASK,GOOGL,154.65,5
31,BID,GOOGL,145.57,3
32,BID,GOOGL,147.48,5
33,ASK,GOOGL,154.34,2
34,BID,GOOGL,151.01,1
35,BID,GOOGL,150.24,4
36,BID,GOOGL,150.83,5
37,ASK,GOOGL,153.56,3
38,ASK,GOOGL,150.37,1
39,ASK,GOOGL,151.92,4
40,ASK,GOOGL,150.53,2
41,BID,GOOGL,145.51,5
42,BID,GOOGL,151.32,1
43,BID,GOOGL,145.63,2
44,ASK,GOOGL,152.21,5
45,ASK,GOOGL,152.11,4
46,ASK,GOOGL,154.69,3
47,BID,GOOGL,146.36,1
48,BID,GOOGL,151.22,2
49,BID,GOOGL,151.5,1
50,BID,GOOGL,145.69,4
51,BID,GOOGL,148.69,3
52,ASK,GOOGL,148.16,1
53,BID,GOOGL,146.95,1
54,BID,GOOGL,145.67,2
55,BID,GOOGL,150.14,1
56,ASK,GOOGL,151.05,2
57,ASK,GOOGL,151.35,5
58,ASK,GOOGL,153.3,2
59,BID,GOOGL,147.2,5
60,BID,GOOGL,151.31,4
61,BID,GOOGL,147.12,3
62,BID,GOOGL,147.07,3
63,ASK,GOOGL,150.68,1
64,ASK,GOOGL,151.11,5
65,ASK,GOOGL,150.3,2
66,BID,GOOGL,148.06,5
67,ASK,GOOGL,152.98,4
68,BID,GOOGL,148.04,2
69,ASK,GOOGL,154.95,1
70,BID,GOOGL,147.38,5
71,ASK,GOOGL,148.88,4
72,BID,GOOGL,148.71,3
73,BID,GOOGL,150.79,5
74,ASK,GOOGL,152.34,4
75,BID,GOOGL,150.79,5
76,ASK,GOOGL,152.88,4
77,ASK,GOOGL,149.77,1
78,BID,GOOGL,151.11,4
79,ASK,GOOGL,152.99,5
80,ASK,GOOGL,152.64,2
81,ASK,GOOGL,152.18,2
82,BID,GOOGL,151.26,1
83,BID,GOOGL,151.36,5
84,ASK,GOOGL,150.08,5
85,BID,GOOGL,145.86,4
86,ASK,GOOGL,151.69,4
87,BID,GOOGL,147.33,4
88,BID,GOOGL,146.81,5
89,BID,GOOGL,147.44,4
90,BID,GOOGL,145.24,1
91,BID,GOOGL,145.29,1
92,ASK,GOOGL,152.84,2
93,ASK,GOOGL,153.71,4
94,ASK,GOOGL,148.19,2
95,ASK,GOOGL,152.15,5
96,ASK,GOOGL,148.26,1
97,BID,GOOGL,148.43,3
98,BID,GOOGL,146.74,4
99,ASK,GOOGL,150.24,4
100,BID,GOOGL,148.08,5
101,ASK,GOOGL,148.91,5
102,ASK,GOOGL,153.19,3
103,BID,GOOGL,150.06,2
104,BID,GOOGL,147.16,3
105,BID,GOOGL,147.51,1
106,BID,GOOGL,145.05,5
107,BID,GOOGL,148.11,1
108,BID,GOOGL,148.6,2
109,ASK,GOOGL,151.68,3
110,BID,GOOGL,148.35,5
111,ASK,GOOGL,152.48,1
112,BID,GOOGL,149.91,2
113,ASK,GOOGL,154.44,5
114,ASK,GOOGL,151.62,1
115,BID,GOOGL,150.2,3
116,BID,GOOGL,150.96,3
117,BID,GOOGL,148.5,1
118,BID,GOOGL,149.8,1
119,BID,GOOGL,145.56,2
120,ASK,GOOGL,153.36,2
121,ASK,GOOGL,153.37,1
122,BID,GOOGL,146.59,4
123,BID,GOOGL,147.24,2
124,BID,GOOGL,145.84,3
125,BID,GOOGL,148.0,3
126,ASK,GOOGL,151.48,5
127,BID,GOOGL,147.75,2
128,ASK,GOOGL,150.6,2
129,BID,GOOGL,145.04,2
130,BID,GOOGL,150.43,5
131,ASK,GOOGL,153.1,1
132,ASK,GOOGL,151.53,5
133,BID,GOOGL,147.46,1
134,BID,GOOGL,145.97,4
135,BID,GOOGL,146.07,5
136,BID,GOOGL,151.78,1
137,ASK,GOOGL,153.01,3
138,BID,GOOGL,150.46,1
139,ASK,GOOGL,151.34,4
140,ASK,GOOGL,150.43,4
141,BID,GOOGL,151.47,3
142,ASK,GOOGL,149.15,5
143,ASK,GOOGL,150.0,4
144,ASK,GOOGL,151.05,1
145,BID,GOOGL,145.43,2
146,ASK,GOOGL,154.52,4
147,ASK,GOOGL,150.58,1
148,ASK,GOOGL,148.3,2
149,BID,GOOGL,150.11,4
150,ASK,GOOGL,153.94,4
151,ASK,GOOGL,152.92,3
152,ASK,GOOGL,152.34,1
153,BID,GOOGL,151.17,2
154,BID,GOOGL,148.05,4
155,ASK,GOOGL,151.46,1
156,ASK,GOOGL,154.67,2
157,BID,GOOGL,145.43,2
158,ASK,GOOGL,154.69,4
159,BID,GOOGL,151.92,3
160,BID,GOOGL,145.75,3
161,ASK,GOOGL,153.73,5
162,BID,GOOGL,147.55,2
163,BID,GOOGL,148.22,5
164,BID,GOOGL,146.88,1
165,BID,GOOGL,151.13,1
166,ASK,GOOGL,153.03,1
167,BID,GOOGL,148.42,2
168,ASK,GOOGL,152.94,3
169,ASK,GOOGL,150.0,3
170,BID,GOOGL,151.5,3
171,BID,GOOGL,148.98,4
172,ASK,GOOGL,150.74,4
173,BID,GOOGL,148.8,5
174,ASK,GOOGL,151.01,5
175,ASK,GOOGL,152.09,4
176,ASK,GOOGL,150.79,3
177,BID,GOOGL,146.62,2
178,ASK,GOOGL,148.45,5
179,BID,GOOGL,150.06,1
180,ASK,GOOGL,152.0,1
181,BID,GOOGL,149.2,3
182,ASK,GOOGL,154.25,1
183,ASK,GOOGL,150.46,2
184,ASK,GOOGL,150.54,4
185,BID,GOOGL,148.62,3
186,ASK,GOOGL,149.54,5
187,BID,GOOGL,149.06,2
188,BID,GOOGL,145.78,3
189,BID,GOOGL,145.18,2
190,BID,GOOGL,148.52,5
191,BID,GOOGL,148.98,5
192,BID,GOOGL,146.99,5
193,ASK,GOOGL,150.2,4
194,BID,GOOGL,149.6,3
195,ASK,GOOGL,149.77,1
196,ASK,GOOGL,153.55,3
197,ASK,GOOGL,149.21,4
198,ASK,GOOGL,153.04,1
199,ASK,GOOGL,149.37,3
200,ASK,GOOGL,150.41,4
201,BID,GOOGL,151.7,2
202,ASK,GOOGL,150.05,1
203,ASK,GOOGL,150.32,5
204,ASK,GOOGL,151.33,4
205,ASK,GOOGL,151.08,1
206,ASK,GOOGL,148.95,5
207,ASK,GOOGL,152.55,5
208,BID,GOOGL,146.83,4
209,ASK,GOOGL,151.81,2
210,BID,GOOGL,145.67,4
211,BID,GOOGL,148.39,1
212,ASK,GOOGL,149.6,2
213,ASK,GOOGL,149.04,1
214,ASK,GOOGL,149.19,2
215,BID,GOOGL,151.91,3
216,ASK,GOOGL,149.73,5
217,ASK,GOOGL,151.18,2
218,ASK,GOOGL,151.36,5
219,ASK,GOOGL,149.35,2
220,BID,GOOGL,147.44,3
221,ASK,GOOGL,150.7,5
222,ASK,GOOGL,150.2,1
223,ASK,GOOGL,151.43,2
224,ASK,GOOGL,149.18,1
225,BID,GOOGL,146.89,5
226,ASK,GOOGL,151.78,1
227,BID,GOOGL,146.83,3
228,ASK,GOOGL,148.84,3
229,ASK,GOOGL,150.65,2
230,BID,GOOGL,147.81,5
231,ASK,GOOGL,150.96,1
232,ASK,GOOGL,148.03,4
233,ASK,GOOGL,150.09,4
234,ASK,GOOGL,150.31,1
235,ASK,GOOGL,152.72,3
236,BID,GOOGL,145.96,1
237,BID,GOOGL,147.44,2
238,ASK,GOOGL,148.11,3
239,BID,GOOGL,145.45,2
240,BID,GOOGL,148.11,2
241,BID,GOOGL,151.84,2
242,BID,GOOGL,146.69,2
243,BID,GOOGL,151.85,2
244,ASK,GOOGL,152.2,3
245,ASK,GOOGL,149.41,2
246,ASK,GOOGL,154.64,5
247,BID,GOOGL,146.95,5
248,ASK,GOOGL,148.35,2
249,ASK,GOOGL,149.31,2
250,ASK,GOOGL,154.14,1
251,BID,GOOGL,151.8,4
252,ASK,GOOGL,152.97,1
253,BID,GOOGL,145.31,4
254,BID,GOOGL,148.8,5
255,ASK,GOOGL,153.23,4
256,ASK,GOOGL,152.9,5
257,BID,GOOGL,146.75,2
258,ASK,GOOGL,154.28,1
259,BID,GOOGL,151.98,5
260,BID,GOOGL,149.21,1
261,ASK,GOOGL,151.33,4
262,BID,GOOGL,145.58,4
263,BID,GOOGL,149.45,1
264,BID,GOOGL,146.89,4
265,ASK,GOOGL,149.21,1
266,ASK,GOOGL,154.09,3
267,ASK,GOOGL,152.68,5
268,ASK,GOOGL,150.29,2
269,ASK,GOOGL,151.46,2
270,ASK,GOOGL,150.82,2
271,ASK,GOOGL,148.38,1
272,BID,GOOGL,150.45,2
273,ASK,GOOGL,153.43,4
274,BID,GOOGL,149.09,2
275,ASK,GOOGL,149.06,4
276,ASK,GOOGL,148.81,3
277,ASK,GOOGL,148.36,5
278,ASK,GOOGL,150.51,3
279,BID,GOOGL,148.57,1
280,BID,GOOGL,147.13,5
281,BID,GOOGL,146.19,2
282,ASK,GOOGL,149.1,1
283,ASK,GOOGL,152.87,4
284,ASK,GOOGL,153.36,3
285,BID,GOOGL,147.18,4
286,ASK,GOOGL,154.34,3
287,BID,GOOGL,147.63,3
288,ASK,GOOGL,153.9,4
289,ASK,GOOGL,153.24,2
290,BID,GOOGL,146.83,1
291,BID,GOOGL,147.85,2
292,BID,GOOGL,145.9,4
293,BID,GOOGL,147.24,5
294,BID,GOOGL,147.35,2
295,ASK,GOOGL,148.61,2
296,ASK,GOOGL,153.11,2
297,BID,GOOGL,150.57,1
298,BID,GOOGL,147.0,4
299,ASK,GOOGL,151.57,5
300,BID,GOOGL,148.81,3
301,ASK,GOOGL,151.84,3
302,ASK,GOOGL,151.71,3
303,ASK,GOOGL,149.87,3
304,ASK,GOOGL,152.13,2
305,BID,GOOGL,151.32,2
306,ASK,GOOGL,150.96,2
307,ASK,GOOGL,153.18,4
308,ASK,GOOGL,152.38,4
309,ASK,GOOGL,150.5,3
310,ASK,GOOGL,150.23,5
311,BID,GOOGL,148.86,5
312,ASK,GOOGL,151.4,1
313,BID,GOOGL,151.3,2
314,BID,GOOGL,149.08,5
315,BID,GOOGL,151.8,3
316,BID,GOOGL,145.71,2
317,ASK,GOOGL,151.16,3
318,BID,GOOGL,150.74,2
319,ASK,GOOGL,151.06,3
320,ASK,GOOGL,154.76,5
321,ASK,GOOGL,148.91,5
322,ASK,GOOGL,150.78,4
323,ASK,GOOGL,153.33,5
324,BID,GOOGL,145.1,1
325,ASK,GOOGL,149.21,2
326,BID,GOOGL,147.05,3
327,ASK,GOOGL,150.91,1
328,ASK,GOOGL,153.84,4
329,BID,GOOGL,148.48,3
330,BID,GOOGL,148.37,5
331,BID,GOOGL,146.08,2
332,BID,GOOGL,147.1,1
333,BID,GOOGL,147.44,4
334,BID,GOOGL,145.7,4
335,ASK,GOOGL,148.59,5
336,ASK,GOOGL,151.71,2
337,BID,GOOGL,148.77,2
338,BID,GOOGL,145.49,5
339,ASK,GOOGL,148.58,1
340,ASK,GOOGL,148.73,3
341,ASK,GOOGL,152.2,4
342,ASK,GOOGL,149.64,4
343,ASK,GOOGL,150.36,2
344,ASK,GOOGL,148.18,1
345,ASK,GOOGL,148.51,4
346,ASK,GOOGL,152.37,1
347,BID,GOOGL,148.26,2
348,ASK,GOOGL,152.96,3
349,ASK,GOOGL,149.24,1
350,BID,GOOGL,151.64,5
351,BID,GOOGL,146.19,1
352,BID,GOOGL,146.68,1
353,ASK,GOOGL,151.56,1
354,ASK,GOOGL,150.1,5
355,BID,GOOGL,148.6,5
356,ASK,GOOGL,152.13,1
357,BID,GOOGL,148.03,4
358,ASK,GOOGL,149.43,4
359,BID,GOOGL,150.99,3
360,ASK,GOOGL,154.2,5
361,BID,GOOGL,150.16,5
362,ASK,GOOGL,148.16,2
363,BID,GOOGL,145.34,2
364,BID,GOOGL,145.23,3
365,ASK,GOOGL,153.36,2
366,BID,GOOGL,151.91,4
367,BID,GOOGL,148.3,2
368,ASK,GOOGL,151.85,1
369,ASK,GOOGL,150.39,3
370,BID,GOOGL,149.82,4
371,BID,GOOGL,150.31,5
372,BID,GOOGL,149.7,1
373,BID,GOOGL,145.4,1
374,BID,GOOGL,146.67,2
375,BID,GOOGL,148.8,1
376,BID,GOOGL,151.4,3
377,BID,GOOGL,150.17,5
378,ASK,GOOGL,149.6,5
379,BID,GOOGL,150.2,4
380,BID,GOOGL,145.85,5
381,BID,GOOGL,145.12,3
382,ASK,GOOGL,148.66,1
383,ASK,GOOGL,149.84,1
384,ASK,GOOGL,151.46,2
385,ASK,GOOGL,149.25,5
386,ASK,GOOGL,149.42,2
387,ASK,GOOGL,154.24,2
388,BID,GOOGL,149.19,5
389,BID,GOOGL,149.54,2
390,ASK,GOOGL,148.26,5
391,ASK,GOOGL,150.15,4
392,BID,GOOGL,146.57,4
393,ASK,GOOGL,149.33,2
394,BID,GOOGL,150.42,1
395,BID,GOOGL,145.96,4
396,ASK,GOOGL,150.06,4
397,BID,GOOGL,150.32,5
398,BID,GOOGL,145.3,5
399,BID,GOOGL,148.44,5
400,ASK,GOOGL,151.23,5
401,ASK,GOOGL,150.19,3
402,ASK,GOOGL,148.71,2
403,ASK,GOOGL,152.4,1
404,ASK,GOOGL,153.42,3
405,ASK,GOOGL,154.34,4
406,BID,GOOGL,145.81,1
407,BID,GOOGL,146.19,1
408,BID,GOOGL,150.61,4
409,ASK,GOOGL,151.33,1
410,BID,GOOGL,150.56,2
411,ASK,GOOGL,148.54,3
412,BID,GOOGL,147.86,5
413,ASK,GOOGL,149.83,2
414,BID,GOOGL,149.49,1
415,ASK,GOOGL,153.78,4
416,ASK,GOOGL,151.29,3
417,ASK,GOOGL,154.16,3
418,ASK,GOOGL,153.81,1
419,ASK,GOOGL,151.26,5
420,BID,GOOGL,149.66,3
421,ASK,GOOGL,150.86,5
422,ASK,GOOGL,148.08,1
423,BID,GOOGL,149.62,1
424,BID,GOOGL,149.5,5
425,ASK,GOOGL,148.98,5
426,BID,GOOGL,149.96,4
427,ASK,GOOGL,148.49,1
428,ASK,GOOGL,150.64,1
429,ASK,GOOGL,148.87,4
430,BID,GOOGL,150.85,1
431,BID,GOOGL,151.44,5
432,ASK,GOOGL,151.62,4
433,BID,GOOGL,148.09,1
434,ASK,GOOGL,154.18,4
435,BID,GOOGL,151.01,3
436,BID,GOOGL,146.23,1
437,ASK,GOOGL,150.14,4
438,ASK,GOOGL,149.68,4
439,ASK,GOOGL,154.43,1
440,BID,GOOGL,147.42,3
441,BID,GOOGL,150.44,5
442,ASK,GOOGL,148.24,4
443,BID,GOOGL,151.81,3
444,ASK,GOOGL,154.38,2
445,BID,GOOGL,150.85,3
446,ASK,GOOGL,151.76,4
447,BID,GOOGL,151.77,2
448,BID,GOOGL,151.1,3
449,ASK,GOOGL,153.78,1
450,BID,GOOGL,150.59,2
451,BID,GOOGL,151.55,2
452,BID,GOOGL,148.49,3
453,BID,GOOGL,150.19,2
454,ASK,GOOGL,150.64,2
455,ASK,GOOGL,150.44,5
456,BID,GOOGL,147.28,5
457,BID,GOOGL,145.21,3
458,ASK,GOOGL,154.37,5
459,ASK,GOOGL,151.41,4
460,ASK,GOOGL,152.32,1
461,BID,GOOGL,149.06,1
462,ASK,GOOGL,154.19,2
463,BID,GOOGL,151.14,2
464,BID,GOOGL,149.46,5
465,BID,GOOGL,147.13,1
466,BID,GOOGL,148.83,4
467,ASK,GOOGL,149.06,2
468,ASK,GOOGL,153.94,1
469,BID,GOOGL,148.68,1
470,BID,GOOGL,148.26,5
471,ASK,GOOGL,151.92,3
472,BID,GOOGL,149.22,3
473,BID,GOOGL,149.37,1
474,BID,GOOGL,148.21,1
475,BID,GOOGL,148.31,5
476,BID,GOOGL,150.44,3
477,ASK,GOOGL,150.08,4
478,BID,GOOGL,150.83,3
479,ASK,GOOGL,151.49,2
480,ASK,GOOGL,154.1,5
481,ASK,GOOGL,148.75,3
482,BID,GOOGL,148.61,1
483,ASK,GOOGL,153.23,1
484,BID,GOOGL,147.72,2
485,ASK,GOOGL,152.97,5
486,BID,GOOGL,145.83,2
487,BID,GOOGL,151.65,4
488,BID,GOOGL,145.78,2
489,ASK,GOOGL,153.55,2
490,ASK,GOOGL,150.28,2
491,ASK,GOOGL,150.16,4
492,ASK,GOOGL,154.84,4
493,ASK,GOOGL,154.98,3
494,ASK,GOOGL,154.13,1
495,BID,GOOGL,146.56,4
496,BID,GOOGL,145.03,1
497,ASK,GOOGL,148.15,4
498,BID,GOOGL,148.86,3
499,BID,GOOGL,146.23,3
500,BID,GOOGL,145.92,1
501,ASK,GOOGL,150.3,2
502,ASK,GOOGL,150.31,3
503,BID,GOOGL,150.78,4
504,ASK,GOOGL,154.17,4
505,ASK,GOOGL,149.57,1
506,BID,GOOGL,145.06,2
507,ASK,GOOGL,154.19,1
508,BID,GOOGL,150.03,2
509,BID,GOOGL,148.33,1
510,BID,GOOGL,151.64,4
511,ASK,GOOGL,149.15,2
512,ASK,GOOGL,151.14,4
513,ASK,GOOGL,152.99,4
514,BID,GOOGL,147.01,2
515,ASK,GOOGL,150.26,5
516,BID,GOOGL,151.91,4
517,ASK,GOOGL,153.91,2
518,BID,GOOGL,150.36,3
519,ASK,GOOGL,151.96,5
520,BID,GOOGL,150.12,2
521,BID,GOOGL,146.03,3
522,ASK,GOOGL,151.08,2
523,BID,GOOGL,151.18,3
524,BID,GOOGL,148.88,2
525,ASK,GOOGL,151.64,4
526,ASK,GOOGL,150.13,2
527,ASK,GOOGL,150.33,3
528,ASK,GOOGL,149.86,4
529,ASK,GOOGL,154.76,1
530,BID,GOOGL,150.06,4
531,ASK,GOOGL,149.02,4
532,BID,GOOGL,146.03,1
533,ASK,GOOGL,148.08,4
534,ASK,GOOGL,152.74,1
535,BID,GOOGL,146.21,5
536,BID,GOOGL,147.44,3
537,ASK,GOOGL,148.99,5
538,BID,GOOGL,147.62,3
539,BID,GOOGL,148.51,3
540,BID,GOOGL,145.23,2
541,ASK,GOOGL,149.31,3
542,BID,GOOGL,149.85,1
543,BID,GOOGL,148.81,2
544,BID,GOOGL,151.28,4
545,ASK,GOOGL,152.95,3
546,BID,GOOGL,146.27,2
547,ASK,GOOGL,151.68,1
548,BID,GOOGL,151.78,4
549,ASK,GOOGL,154.5,4
550,BID,GOOGL,146.35,4
551,ASK,GOOGL,154.28,2
552,BID,GOOGL,147.99,2
553,ASK,GOOGL,153.58,3
554,BID,GOOGL,147.06,4
555,BID,GOOGL,148.81,2
556,ASK,GOOGL,148.65,3
557,BID,GOOGL,149.41,4
558,BID,GOOGL,148.55,1
559,BID,GOOGL,151.09,2
560,ASK,GOOGL,150.9,3
561,ASK,GOOGL,152.68,3
562,ASK,GOOGL,148.2,4
563,ASK,GOOGL,149.53,2
564,ASK,GOOGL,149.48,2
565,ASK,GOOGL,148.62,3
566,BID,GOOGL,145.79,1
567,ASK,GOOGL,151.99,2
568,ASK,GOOGL,153.52,3
569,BID,GOOGL,151.69,4
570,BID,GOOGL,145.89,2
571,ASK,GOOGL,150.14,2
572,ASK,GOOGL,152.08,5
573,ASK,GOOGL,154.15,1
574,BID,GOOGL,151.86,1
575,ASK,GOOGL,150.75,4
576,BID,GOOGL,148.85,3
577,ASK,GOOGL,152.8,5
578,BID,GOOGL,147.97,3
579,BID,GOOGL,148.41,4
580,ASK,GOOGL,148.71,3
581,BID,GOOGL,147.57,4
582,ASK,GOOGL,149.82,3
583,BID,GOOGL,148.88,4
584,ASK,GOOGL,149.42,3
585,BID,GOOGL,147.94,2
586,ASK,GOOGL,153.36,3
587,ASK,GOOGL,153.76,5
588,ASK,GOOGL,153.3,2
589,ASK,GOOGL,153.82,3
590,BID,GOOGL,149.99,4
591,ASK,GOOGL,152.91,5
592,ASK,GOOGL,151.68,4
593,ASK,GOOGL,152.08,5
594,BID,GOOGL,145.35,1
595,ASK,GOOGL,152.94,5
596,BID,GOOGL,150.12,3
597,ASK,GOOGL,150.71,1
598,ASK,GOOGL,154.01,5
599,BID,GOOGL,146.6,1
600,BID,GOOGL,147.78,2
601,BID,GOOGL,146.67,4
602,BID,GOOGL,151.77,4
603,ASK,GOOGL,151.55,4
604,ASK,GOOGL,153.19,5
605,ASK,GOOGL,149.58,5
606,BID,GOOGL,150.91,2
607,ASK,GOOGL,149.38,1
608,BID,GOOGL,146.5,2
609,ASK,GOOGL,154.25,1
610,ASK,GOOGL,152.77,5
611,BID,GOOGL,146.09,3
612,BID,GOOGL,149.45,4
613,BID,GOOGL,148.08,1
614,ASK,GOOGL,150.03,1
615,ASK,GOOGL,150.38,5
616,ASK,GOOGL,153.79,3
617,BID,GOOGL,148.22,4
618,ASK,GOOGL,150.27,1
619,BID,GOOGL,150.09,4
620,BID,GOOGL,149.32,4
621,ASK,GOOGL,152.65,5
622,BID,GOOGL,148.25,4
623,ASK,GOOGL,148.61,1
624,BID,GOOGL,147.76,4
625,ASK,GOOGL,152.16,5
626,BID,GOOGL,148.86,1
627,BID,GOOGL,148.53,3
628,BID,GOOGL,148.98,5
629,BID,GOOGL,146.73,5
630,ASK,GOOGL,154.16,5
631,ASK,GOOGL,150.66,1
632,BID,GOOGL,147.97,5
633,ASK,GOOGL,153.31,3
634,ASK,GOOGL,150.97,2
635,ASK,GOOGL,150.7,4
636,BID,GOOGL,150.83,3
637,BID,GOOGL,145.13,3
638,ASK,GOOGL,150.2,1
639,ASK,GOOGL,148.66,3
640,BID,GOOGL,149.78,4
641,BID,GOOGL,150.41,5
642,ASK,GOOGL,149.44,4
643,BID,GOOGL,145.03,3
644,BID,GOOGL,145.67,2
645,BID,GOOGL,146.28,3
646,ASK,GOOGL,148.97,3
647,BID,GOOGL,147.64,2
648,ASK,GOOGL,154.5,4
649,BID,GOOGL,145.35,3
650,ASK,GOOGL,154.6,2
651,BID,GOOGL,147.01,2
652,ASK,GOOGL,151.18,4
653,BID,GOOGL,145.79,5
654,ASK,GOOGL,149.08,3
655,ASK,GOOGL,151.64,1
656,BID,GOOGL,151.27,3
657,ASK,GOOGL,148.43,5
658,ASK,GOOGL,151.13,2
659,ASK,GOOGL,150.24,2
660,ASK,GOOGL,151.08,2
661,ASK,GOOGL,148.12,5
662,BID,GOOGL,148.02,2
663,ASK,GOOGL,151.74,5
664,ASK,GOOGL,154.78,3
665,ASK,GOOGL,150.76,4
666,BID,GOOGL,150.39,5
667,BID,GOOGL,146.68,3
668,BID,GOOGL,147.97,3
669,ASK,GOOGL,149.07,1
670,ASK,GOOGL,151.34,3
671,BID,GOOGL,151.1,3
672,BID,GOOGL,146.19,4
673,ASK,GOOGL,148.81,3
674,BID,GOOGL,148.6,5
675,BID,GOOGL,150.92,2
676,BID,GOOGL,147.19,2
677,BID,GOOGL,151.91,2
678,BID,GOOGL,150.07,1
679,BID,GOOGL,148.88,4
680,ASK,GOOGL,149.57,1
681,ASK,GOOGL,152.04,2
682,ASK,GOOGL,153.78,4
683,ASK,GOOGL,151.66,3
684,BID,GOOGL,148.21,4
685,BID,GOOGL,146.09,4
686,ASK,GOOGL,154.35,1
687,ASK,GOOGL,154.94,5
688,BID,GOOGL,146.48,1
689,ASK,GOOGL,151.42,1
690,BID,GOOGL,146.59,3
691,BID,GOOGL,145.54,4
692,ASK,GOOGL,154.41,5
693,BID,GOOGL,151.15,4
694,ASK,GOOGL,154.04,1
695,BID,GOOGL,149.94,5
696,BID,GOOGL,146.75,5
697,BID,GOOGL,149.29,2
698,ASK,GOOGL,154.28,2
699,ASK,GOOGL,148.35,3
700,BID,GOOGL,147.43,3
701,BID,GOOGL,145.73,1
702,ASK,GOOGL,153.79,1
703,BID,GOOGL,145.07,3
704,ASK,GOOGL,153.41,2
705,ASK,GOOGL,153.1,5
706,BID,GOOGL,151.77,3
707,ASK,GOOGL,152.77,3
708,BID,GOOGL,151.01,5
709,ASK,GOOGL,153.23,5
710,BID,GOOGL,147.65,3
711,BID,GOOGL,145.43,1
712,BID,GOOGL,148.0,3
713,BID,GOOGL,146.36,1
714,ASK,GOOGL,152.5,5
715,ASK,GOOGL,151.85,2
716,ASK,GOOGL,148.53,1
717,BID,GOOGL,146.43,1
718,BID,GOOGL,149.8,3
719,BID,GOOGL,147.65,1
720,ASK,GOOGL,150.85,3
721,ASK,GOOGL,151.08,4
722,ASK,GOOGL,153.43,2
723,ASK,GOOGL,148.86,3
724,BID,GOOGL,147.55,1
725,BID,GOOGL,149.87,5
726,ASK,GOOGL,151.13,1
727,BID,GOOGL,149.64,1
728,BID,GOOGL,149.91,1
729,ASK,GOOGL,151.61,1
730,ASK,GOOGL,148.68,1
731,BID,GOOGL,148.35,4
732,BID,GOOGL,150.02,3
733,BID,GOOGL,147.05,2
734,BID,GOOGL,149.09,1
735,ASK,GOOGL,154.84,1
736,ASK,GOOGL,148.53,1
737,ASK,GOOGL,154.62,2
738,BID,GOOGL,149.12,5
739,BID,GOOGL,148.33,4
740,BID,GOOGL,149.05,3
741,BID,GOOGL,150.81,1
742,ASK,GOOGL,154.97,2
743,ASK,GOOGL,149.68,1
744,BID,GOOGL,148.57,4
745,BID,GOOGL,148.44,1
746,BID,GOOGL,145.86,1
747,BID,GOOGL,145.41,4
748,BID,GOOGL,150.82,1
749,ASK,GOOGL,152.9,4
750,BID,GOOGL,146.65,4
751,ASK,GOOGL,148.35,4
752,ASK,GOOGL,149.21,5
753,BID,GOOGL,147.62,4
754,ASK,GOOGL,150.81,3
755,ASK,GOOGL,151.87,2
756,BID,GOOGL,150.88,4
757,BID,GOOGL,150.54,1
758,ASK,GOOGL,153.49,4
759,ASK,GOOGL,150.85,4
760,BID,GOOGL,145.05,4
761,BID,GOOGL,145.21,1
762,BID,GOOGL,146.53,3
763,BID,GOOGL,145.07,1
764,ASK,GOOGL,151.1,5
765,ASK,GOOGL,153.11,2
766,BID,GOOGL,149.04,3
767,ASK,GOOGL,152.44,1
768,BID,GOOGL,146.82,1
769,ASK,GOOGL,148.89,4
770,ASK,GOOGL,152.82,5
771,ASK,GOOGL,152.62,3
772,ASK,GOOGL,154.47,5
773,ASK,GOOGL,150.32,5
774,ASK,GOOGL,149.91,4
775,BID,GOOGL,149.25,2
776,ASK,GOOGL,150.37,3
777,BID,GOOGL,150.36,3
778,BID,GOOGL,148.73,4
779,BID,GOOGL,148.9,3
780,ASK,GOOGL,151.49,5
781,ASK,GOOGL,154.56,4
782,BID,GOOGL,146.12,4
783,BID,GOOGL,150.37,1
784,ASK,GOOGL,153.08,5
785,ASK,GOOGL,152.03,2
786,BID,GOOGL,147.27,2
787,BID,GOOGL,145.04,3
788,BID,GOOGL,148.65,4
789,BID,GOOGL,151.61,3
790,BID,GOOGL,145.7,4
791,ASK,GOOGL,154.34,5
792,BID,GOOGL,147.59,3
793,BID,GOOGL,148.94,4
794,BID,GOOGL,147.4,5
795,BID,GOOGL,146.94,2
796,BID,GOOGL,151.73,1
797,ASK,GOOGL,152.18,4
798,BID,GOOGL,150.01,4
799,BID,GOOGL,151.75,1
800,ASK,GOOGL,154.01,4
801,BID,GOOGL,147.83,1
802,BID,GOOGL,146.35,1
803,ASK,GOOGL,154.45,2
804,ASK,GOOGL,153.4,1
805,BID,GOOGL,146.91,5
806,BID,GOOGL,149.37,5
807,ASK,GOOGL,148.22,3
808,BID,GOOGL,150.03,2
809,ASK,GOOGL,152.53,5
810,BID,GOOGL,147.3,2
811,BID,GOOGL,146.11,4
812,BID,GOOGL,150.94,3
813,BID,GOOGL,150.46,4
814,BID,GOOGL,146.65,1
815,BID,GOOGL,151.23,2
816,BID,GOOGL,151.36,2
817,BID,GOOGL,147.23,3
818,ASK,GOOGL,148.16,1
819,ASK,GOOGL,152.28,2
820,ASK,GOOGL,149.12,4
821,ASK,GOOGL,154.5,3
822,BID,GOOGL,151.72,3
823,ASK,GOOGL,150.81,4
824,ASK,GOOGL,150.27,4
825,BID,GOOGL,149.22,5
826,ASK,GOOGL,153.86,2
827,BID,GOOGL,149.56,5
828,BID,GOOGL,147.22,2
829,BID,GOOGL,151.18,1
830,ASK,GOOGL,153.5,2
831,BID,GOOGL,147.26,3
832,BID,GOOGL,145.86,4
833,ASK,GOOGL,152.85,5
834,BID,GOOGL,147.61,3
835,ASK,GOOGL,148.37,3
836,BID,GOOGL,150.07,3
837,ASK,GOOGL,154.79,5
838,ASK,GOOGL,148.7,3
839,ASK,GOOGL,153.07,4
840,ASK,GOOGL,152.31,5
841,BID,GOOGL,147.16,3
842,ASK,GOOGL,151.4,4
843,ASK,GOOGL,152.04,4
844,BID,GOOGL,149.67,3
845,ASK,GOOGL,149.29,2
846,BID,GOOGL,147.85,4
847,ASK,GOOGL,148.95,3
848,ASK,GOOGL,148.73,1
849,ASK,GOOGL,148.97,3
850,ASK,GOOGL,154.15,2
851,ASK,GOOGL,151.13,5
852,BID,GOOGL,150.99,2
853,ASK,GOOGL,148.47,3
854,BID,GOOGL,147.02,3
855,ASK,GOOGL,154.27,1
856,ASK,GOOGL,148.28,5
857,BID,GOOGL,147.13,4
858,ASK,GOOGL,149.32,5
859,ASK,GOOGL,150.36,3
860,ASK,GOOGL,149.04,3
861,ASK,GOOGL,154.7,5
862,BID,GOOGL,147.32,5
863,ASK,GOOGL,151.71,5
864,BID,GOOGL,148.28,3
865,BID,GOOGL,145.91,1
866,ASK,GOOGL,154.5,1
867,ASK,GOOGL,149.28,1
868,ASK,GOOGL,152.63,1
869,ASK,GOOGL,154.74,4
870,BID,GOOGL,146.24,1
871,ASK,GOOGL,149.81,2
872,ASK,GOOGL,150.32,3
873,BID,GOOGL,150.47,5
874,BID,GOOGL,145.95,4
875,BID,GOOGL,148.93,1
876,BID,GOOGL,147.69,1
877,BID,GOOGL,147.77,4
878,BID,GOOGL,151.9,3
879,BID,GOOGL,146.08,5
880,BID,GOOGL,148.08,3
881,BID,GOOGL,146.54,2
882,BID,GOOGL,148.43,2
883,BID,GOOGL,148.35,5
884,ASK,GOOGL,149.09,4
885,ASK,GOOGL,154.04,4
886,ASK,GOOGL,153.82,1
887,BID,GOOGL,145.69,1
888,ASK,GOOGL,150.91,2
889,BID,GOOGL,151.81,4
890,BID,GOOGL,146.12,3
891,ASK,GOOGL,154.78,1
892,ASK,GOOGL,148.4,3
893,BID,GOOGL,149.89,3
894,BID,GOOGL,147.05,3
895,ASK,GOOGL,151.92,1
896,BID,GOOGL,145.05,4
897,ASK,GOOGL,154.02,1
898,BID,GOOGL,150.13,4
899,ASK,GOOGL,148.49,4
900,ASK,GOOGL,151.52,2
901,ASK,GOOGL,150.29,3
902,ASK,GOOGL,151.66,4
903,BID,GOOGL,148.19,5
904,BID,GOOGL,149.61,2
905,BID,GOOGL,152.0,5
906,ASK,GOOGL,154.08,4
907,ASK,GOOGL,150.7,3
908,ASK,GOOGL,152.56,4
909,BID,GOOGL,151.79,1
910,BID,GOOGL,149.57,1
911,BID,GOOGL,148.73,3
912,ASK,GOOGL,150.86,4
913,ASK,GOOGL,148.38,5
914,BID,GOOGL,146.77,5
915,BID,GOOGL,149.44,4
916,ASK,GOOGL,148.75,5
917,ASK,GOOGL,153.1,5
918,ASK,GOOGL,154.24,3
919,BID,GOOGL,146.62,3
920,ASK,GOOGL,148.82,3
921,BID,GOOGL,151.34,5
922,ASK,GOOGL,150.64,3
923,BID,GOOGL,151.97,5
924,BID,GOOGL,147.64,5
925,ASK,GOOGL,148.78,4
926,BID,GOOGL,145.27,1
927,BID,GOOGL,151.63,5
928,ASK,GOOGL,151.92,2
929,BID,GOOGL,148.0,5
930,BID,GOOGL,149.47,5
931,BID,GOOGL,147.78,5
932,ASK,GOOGL,152.23,5
933,ASK,GOOGL,151.6,4
934,BID,GOOGL,149.55,1
935,BID,GOOGL,151.58,3
936,ASK,GOOGL,153.0,3
937,ASK,GOOGL,149.12,3
938,ASK,GOOGL,153.01,2
939,ASK,GOOGL,151.76,2
940,ASK,GOOGL,150.84,2
941,BID,GOOGL,149.14,5
942,ASK,GOOGL,148.72,3
943,ASK,GOOGL,148.28,5
944,ASK,GOOGL,148.46,5
945,BID,GOOGL,151.92,4
946,BID,GOOGL,148.19,2
947,ASK,GOOGL,148.51,4
948,ASK,GOOGL,153.18,2
949,BID,GOOGL,149.82,4
950,BID,GOOGL,151.88,3
951,BID,GOOGL,150.08,3
952,ASK,GOOGL,152.41,4
953,BID,GOOGL,151.16,4
954,BID,GOOGL,145.61,3
955,ASK,GOOGL,150.53,5
956,ASK,GOOGL,153.55,2
957,ASK,GOOGL,149.87,5
958,BID,GOOGL,148.59,4
959,ASK,GOOGL,150.22,1
960,BID,GOOGL,150.04,5
961,BID,GOOGL,150.21,4
962,ASK,GOOGL,151.26,2
963,BID,GOOGL,145.93,5
964,BID,GOOGL,150.59,5
965,BID,GOOGL,151.52,1
966,ASK,GOOGL,153.3,4
967,ASK,GOOGL,148.14,5
968,ASK,GOOGL,150.69,5
969,BID,GOOGL,147.69,2
970,BID,GOOGL,151.89,1
971,BID,GOOGL,149.37,5
972,BID,GOOGL,147.03,2
973,ASK,GOOGL,148.05,5
974,BID,GOOGL,148.51,4
975,ASK,GOOGL,153.02,3
976,BID,GOOGL,145.09,5
977,BID,GOOGL,151.62,5
978,ASK,GOOGL,148.16,1
979,ASK,GOOGL,148.49,4
980,BID,GOOGL,151.58,2
981,ASK,GOOGL,153.81,5
982,ASK,GOOGL,153.9,4
983,ASK,GOOGL,154.97,4
984,ASK,GOOGL,153.74,3
985,ASK,GOOGL,151.01,4
986,BID,GOOGL,148.23,1
987,ASK,GOOGL,153.61,2
988,BID,GOOGL,148.96,1
989,ASK,GOOGL,148.66,2
990,BID,GOOGL,149.3,4
991,BID,GOOGL,146.62,2
992,BID,GOOGL,149.44,5
993,ASK,GOOGL,152.99,3
994,ASK,GOOGL,149.41,3
995,BID,GOOGL,151.06,2
996,BID,GOOGL,145.27,1
997,BID,GOOGL,151.72,3
998,BID,GOOGL,147.69,2
999,BID,GOOGL,145.01,1
1000,ASK,GOOGL,154.17,2
1001,ASK,GOOGL,152.59,3
1002,BID,GOOGL,148.0,4
1003,BID,GOOGL,149.81,5
1004,ASK,GOOGL,148.93,3
1005,ASK,GOOGL,150.65,3
1006,ASK,GOOGL,150.98,2
1007,BID,GOOGL,148.38,2
1008,BID,GOOGL,146.61,1
1009,BID,GOOGL,145.83,1
1010,ASK,GOOGL,149.54,5
1011,BID,GOOGL,149.04,4
1012,ASK,GOOGL,151.94,1
1013,ASK,GOOGL,152.44,1
1014,ASK,GOOGL,150.18,3
1015,BID,GOOGL,146.88,2
1016,BID,GOOGL,145.78,5
1017,ASK,GOOGL,151.05,1
1018,ASK,GOOGL,151.11,1
1019,ASK,GOOGL,149.52,5
1020,ASK,GOOGL,151.13,2
1021,ASK,GOOGL,149.28,5
1022,BID,GOOGL,146.42,4
1023,ASK,GOOGL,150.78,5
1024,ASK,GOOGL,148.71,3
1025,ASK,GOOGL,148.27,5
1026,ASK,GOOGL,154.2,1
1027,ASK,GOOGL,148.93,3
1028,BID,GOOGL,147.46,1
1029,ASK,GOOGL,148.11,3
1030,ASK,GOOGL,149.75,3
1031,ASK,GOOGL,152.77,1
1032,ASK,GOOGL,153.23,3
1033,ASK,GOOGL,148.39,4
1034,BID,GOOGL,147.14,5
1035,ASK,GOOGL,151.58,1
1036,ASK,GOOGL,150.06,2
1037,ASK,GOOGL,150.35,1
1038,ASK,GOOGL,151.61,1
1039,ASK,GOOGL,149.14,4
1040,ASK,GOOGL,154.09,2
1041,BID,GOOGL,151.29,1
1042,BID,GOOGL,149.88,5
1043,BID,GOOGL,151.62,5
1044,BID,GOOGL,146.59,5
1045,BID,GOOGL,151.73,1
1046,ASK,GOOGL,154.95,2
1047,ASK,GOOGL,152.05,4
1048,BID,GOOGL,149.46,3
1049,ASK,GOOGL,149.66,4
1050,ASK,GOOGL,149.29,3
1051,BID,GOOGL,146.36,5
1052,BID,GOOGL,148.17,1
1053,BID,GOOGL,151.11,3
1054,ASK,GOOGL,151.26,2
1055,ASK,GOOGL,153.24,2
1056,BID,GOOGL,145.02,1
1057,ASK,GOOGL,151.56,3
1058,BID,GOOGL,146.47,5
1059,BID,GOOGL,150.4,1
1060,ASK,GOOGL,152.91,3
1061,BID,GOOGL,146.6,1
1062,BID,GOOGL,145.66,3
1063,BID,GOOGL,145.35,1
1064,ASK,GOOGL,154.02,1
1065,BID,GOOGL,147.04,2
1066,ASK,GOOGL,150.51,2
1067,BID,GOOGL,149.13,5
1068,ASK,GOOGL,154.03,5
1069,BID,GOOGL,145.95,3
1070,ASK,GOOGL,150.19,1
1071,BID,GOOGL,149.35,5
1072,ASK,GOOGL,149.97,3
1073,ASK,GOOGL,154.14,4
1074,ASK,GOOGL,150.72,2
1075,ASK,GOOGL,150.27,1
1076,ASK,GOOGL,153.12,5
1077,ASK,GOOGL,148.69,4
1078,ASK,GOOGL,153.39,5
1079,ASK,GOOGL,150.89,5
1080,BID,GOOGL,150.53,3
1081,BID,GOOGL,145.14,2
1082,ASK,GOOGL,154.1,1
1083,ASK,GOOGL,154.98,3
1084,BID,GOOGL,145.76,2
1085,BID,GOOGL,148.33,3
1086,ASK,GOOGL,148.75,2
1087,ASK,GOOGL,150.6,3
1088,ASK,GOOGL,148.92,2
1089,ASK,GOOGL,154.68,2
1090,BID,GOOGL,150.32,4
1091,ASK,GOOGL,150.26,1
1092,BID,GOOGL,145.49,3
1093,BID,GOOGL,148.8,3
1094,BID,GOOGL,145.82,5
1095,ASK,GOOGL,153.52,4
1096,BID,GOOGL,145.9,2
1097,ASK,GOOGL,151.24,1
1098,ASK,GOOGL,148.91,2
1099,BID,GOOGL,145.43,5
1100,ASK,GOOGL,150.22,4
1101,ASK,GOOGL,150.6,5
1102,ASK,GOOGL,150.86,2
1103,BID,GOOGL,145.9,4
1104,ASK,GOOGL,150.52,1
1105,ASK,GOOGL,148.89,2
1106,ASK,GOOGL,149.79,3
1107,BID,GOOGL,150.39,4
1108,ASK,GOOGL,151.45,3
1109,ASK,GOOGL,152.23,4
1110,BID,GOOGL,150.51,4
1111,ASK,GOOGL,152.15,5
1112,BID,GOOGL,150.55,2
1113,BID,GOOGL,148.59,1
1114,BID,GOOGL,149.98,3
1115,ASK,GOOGL,151.49,1
1116,BID,GOOGL,149.4,3
1117,ASK,GOOGL,148.05,5
1118,ASK,GOOGL,152.79,1
1119,ASK,GOOGL,152.61,3
1120,BID,GOOGL,147.81,5
1121,BID,GOOGL,146.1,3
1122,ASK,GOOGL,148.42,3
1123,BID,GOOGL,150.8,5
1124,ASK,GOOGL,153.9,5
1125,ASK,GOOGL,148.6,5
1126,BID,GOOGL,147.71,5
1127,BID,GOOGL,148.65,1
1128,BID,GOOGL,145.76,3
1129,BID,GOOGL,146.0,4
1130,BID,GOOGL,148.11,3
1131,ASK,GOOGL,153.8,1
1132,BID,GOOGL,149.77,2
1133,BID,GOOGL,147.47,5
1134,BID,GOOGL,150.12,5
1135,BID,GOOGL,150.06,1
1136,BID,GOOGL,151.6,2
1137,ASK,GOOGL,154.77,5
1138,ASK,GOOGL,154.24,4
1139,BID,GOOGL,146.35,3
1140,ASK,GOOGL,152.2,2
1141,BID,GOOGL,145.03,2
1142,BID,GOOGL,147.26,4
1143,BID,GOOGL,148.61,5
1144,BID,GOOGL,146.39,2
1145,ASK,GOOGL,153.8,3
1146,ASK,GOOGL,153.47,2
1147,BID,GOOGL,151.56,1
1148,BID,GOOGL,148.7,2
1149,BID,GOOGL,146.56,1
1150,BID,GOOGL,145.04,4
1151,ASK,GOOGL,152.43,3
1152,ASK,GOOGL,150.66,4
1153,BID,GOOGL,147.24,1
1154,ASK,GOOGL,150.24,1
1155,BID,GOOGL,151.37,3
1156,BID,GOOGL,148.12,5
1157,BID,GOOGL,148.2,4
1158,BID,GOOGL,151.71,1
1159,BID,GOOGL,150.47,1
1160,ASK,GOOGL,153.57,1
1161,ASK,GOOGL,151.34,1
1162,ASK,GOOGL,148.73,3
1163,BID,GOOGL,148.82,5
1164,BID,GOOGL,149.71,1
1165,ASK,GOOGL,150.83,5
1166,ASK,GOOGL,151.9,1
1167,BID,GOOGL,145.03,2
1168,ASK,GOOGL,152.32,4
1169,BID,GOOGL,147.91,5
1170,BID,GOOGL,145.43,5
1171,ASK,GOOGL,150.53,5
1172,ASK,GOOGL,148.98,3
1173,BID,GOOGL,148.01,5
1174,ASK,GOOGL,150.91,3
1175,ASK,GOOGL,150.06,5
1176,BID,GOOGL,149.6,3
1177,BID,GOOGL,151.0,4
1178,BID,GOOGL,149.27,4
1179,BID,GOOGL,148.24,2
1180,BID,GOOGL,148.72,5
1181,BID,GOOGL,149.02,5
1182,BID,GOOGL,151.26,4
1183,BID,GOOGL,148.13,2
1184,BID,GOOGL,146.61,3
1185,BID,GOOGL,149.75,5
1186,BID,GOOGL,147.11,4
1187,ASK,GOOGL,154.56,3
1188,ASK,GOOGL,149.22,5
1189,ASK,GOOGL,148.4,1
1190,BID,GOOGL,150.76,2
1191,BID,GOOGL,146.06,2
1192,ASK,GOOGL,154.74,4
1193,BID,GOOGL,148.01,4
1194,ASK,GOOGL,149.33,2
1195,ASK,GOOGL,153.22,4
1196,BID,GOOGL,150.11,4
1197,ASK,GOOGL,150.08,5
1198,BID,GOOGL,145.03,2
1199,BID,GOOGL,150.05,3
1200,BID,GOOGL,147.96,1
1201,BID,GOOGL,146.11,1
1202,BID,GOOGL,150.44,3
1203,ASK,GOOGL,151.95,5
1204,BID,GOOGL,147.41,2
1205,BID,GOOGL,146.56,4
1206,BID,GOOGL,146.33,4
1207,BID,GOOGL,147.32,3
1208,ASK,GOOGL,148.74,2
1209,ASK,GOOGL,153.34,5
1210,ASK,GOOGL,152.85,5
1211,BID,GOOGL,149.54,1
1212,BID,GOOGL,146.78,1
1213,BID,GOOGL,145.44,4
1214,BID,GOOGL,146.0,3
1215,ASK,GOOGL,153.12,2
1216,ASK,GOOGL,150.52,3
1217,ASK,GOOGL,153.7,3
1218,BID,GOOGL,150.13,2
1219,BID,GOOGL,149.25,1
1220,ASK,GOOGL,149.04,4
1221,BID,GOOGL,150.43,5
1222,ASK,GOOGL,148.2,3
1223,BID,GOOGL,148.32,4
1224,ASK,GOOGL,153.19,1
1225,BID,GOOGL,146.11,3
1226,ASK,GOOGL,152.83,1
1227,ASK,GOOGL,154.38,3
1228,ASK,GOOGL,152.3,5
1229,BID,GOOGL,150.34,4
1230,ASK,GOOGL,154.15,1
1231,ASK,GOOGL,153.72,3
1232,ASK,GOOGL,151.54,4
1233,ASK,GOOGL,153.85,4
1234,BID,GOOGL,146.34,1
1235,ASK,GOOGL,153.65,3
1236,ASK,GOOGL,153.84,2
1237,BID,GOOGL,147.9,3
1238,ASK,GOOGL,150.9,1
1239,BID,GOOGL,148.92,1
1240,BID,GOOGL,147.01,3
1241,ASK,GOOGL,148.91,2
1242,BID,GOOGL,148.67,4
1243,BID,GOOGL,149.14,4
1244,BID,GOOGL,145.12,4
1245,BID,GOOGL,148.43,5
1246,BID,GOOGL,148.64,2
1247,BID,GOOGL,151.99,3
1248,ASK,GOOGL,151.09,4
1249,ASK,GOOGL,154.5,4
1250,ASK,GOOGL,153.72,4
1251,ASK,GOOGL,151.69,2
1252,BID,GOOGL,150.89,2
1253,ASK,GOOGL,152.06,5
1254,ASK,GOOGL,153.14,1
1255,ASK,GOOGL,154.55,5
1256,ASK,GOOGL,151.15,1
1257,ASK,GOOGL,154.66,1
1258,BID,GOOGL,147.47,5
1259,ASK,GOOGL,150.84,1
1260,BID,GOOGL,147.83,5
1261,BID,GOOGL,147.37,4
1262,BID,GOOGL,146.77,4
1263,BID,GOOGL,150.8,5
1264,ASK,GOOGL,154.12,4
1265,BID,GOOGL,149.84,4
1266,BID,GOOGL,145.78,5
1267,ASK,GOOGL,153.1,3
1268,BID,GOOGL,150.13,3
1269,BID,GOOGL,145.93,5
1270,BID,GOOGL,149.59,4
1271,ASK,GOOGL,154.88,5
1272,ASK,GOOGL,150.33,3
1273,ASK,GOOGL,152.17,1
1274,BID,GOOGL,150.64,2
1275,ASK,GOOGL,149.31,3
1276,ASK,GOOGL,153.45,3
1277,ASK,GOOGL,154.71,5
1278,ASK,GOOGL,153.09,2
1279,BID,GOOGL,147.86,1
1280,ASK,GOOGL,153.12,1
1281,BID,GOOGL,148.86,3
1282,ASK,GOOGL,153.46,1
1283,BID,GOOGL,145.29,1
1284,BID,GOOGL,151.09,5
1285,BID,GOOGL,151.08,4
1286,BID,GOOGL,147.16,5
1287,BID,GOOGL,149.92,1
1288,ASK,GOOGL,152.64,1
1289,ASK,GOOGL,148.97,5
1290,BID,GOOGL,146.44,4
1291,ASK,GOOGL,150.01,2
1292,BID,GOOGL,150.86,1
1293,BID,GOOGL,145.82,3
1294,ASK,GOOGL,154.41,4
1295,ASK,GOOGL,150.84,3
1296,BID,GOOGL,149.87,3
1297,BID,GOOGL,150.46,4
1298,BID,GOOGL,145.94,2
1299,ASK,GOOGL,153.73,1
1300,BID,GOOGL,148.38,4
1301,ASK,GOOGL,154.02,5
1302,ASK,GOOGL,148.32,5
1303,ASK,GOOGL,149.56,1
1304,BID,GOOGL,148.27,3
1305,ASK,GOOGL,153.67,4
1306,ASK,GOOGL,151.77,4
1307,ASK,GOOGL,149.14,3
1308,ASK,GOOGL,152.06,2
1309,BID,GOOGL,150.72,3
1310,BID,GOOGL,148.9,5
1311,BID,GOOGL,148.73,4
1312,BID,GOOGL,147.17,3
1313,ASK,GOOGL,151.43,2
1314,ASK,GOOGL,154.56,4
1315,BID,GOOGL,146.53,3
1316,ASK,GOOGL,154.24,4
1317,ASK,GOOGL,150.45,3
1318,BID,GOOGL,147.43,2
1319,BID,GOOGL,151.76,3
1320,ASK,GOOGL,153.08,5
1321,BID,GOOGL,145.68,1
1322,ASK,GOOGL,148.81,2
1323,ASK,GOOGL,151.67,3
1324,BID,GOOGL,146.33,1
1325,BID,GOOGL,150.48,2
1326,ASK,GOOGL,148.31,2
1327,BID,GOOGL,147.81,5
1328,BID,GOOGL,150.3,5
1329,ASK,GOOGL,154.99,1
1330,BID,GOOGL,149.01,1
1331,BID,GOOGL,150.4,1
1332,ASK,GOOGL,153.4,2
1333,ASK,GOOGL,153.76,4
1334,BID,GOOGL,146.78,1
1335,ASK,GOOGL,149.66,4
1336,ASK,GOOGL,153.6,1
1337,ASK,GOOGL,149.48,2
1338,BID,GOOGL,147.51,2
1339,BID,GOOGL,149.0,4
1340,BID,GOOGL,146.46,5
1341,ASK,GOOGL,151.76,5
1342,ASK,GOOGL,148.1,2
1343,ASK,GOOGL,148.14,3
1344,BID,GOOGL,150.42,4
1345,BID,GOOGL,145.72,5
1346,ASK,GOOGL,153.76,5
1347,BID,GOOGL,148.21,4
1348,ASK,GOOGL,148.76,5
1349,ASK,GOOGL,153.41,3
1350,BID,GOOGL,146.14,2
1351,BID,GOOGL,150.64,1
1352,ASK,GOOGL,154.49,2
1353,ASK,GOOGL,149.41,1
1354,ASK,GOOGL,150.72,4
1355,ASK,GOOGL,152.64,3
1356,ASK,GOOGL,150.79,4
1357,BID,GOOGL,148.34,3
1358,ASK,GOOGL,150.03,1
1359,ASK,GOOGL,151.63,4
1360,ASK,GOOGL,154.5,2
1361,BID,GOOGL,146.1,4
1362,BID,GOOGL,148.36,1
1363,BID,GOOGL,146.84,1
1364,ASK,GOOGL,151.29,5
1365,BID,GOOGL,145.67,2
1366,ASK,GOOGL,149.94,2
1367,BID,GOOGL,151.67,3
1368,BID,GOOGL,151.57,4
1369,ASK,GOOGL,150.02,1
1370,BID,GOOGL,148.59,5
1371,ASK,GOOGL,153.44,4
1372,BID,GOOGL,150.42,2
1373,ASK,GOOGL,148.38,4
1374,BID,GOOGL,146.83,1
1375,ASK,GOOGL,154.58,4
1376,BID,GOOGL,149.68,2
1377,ASK,GOOGL,151.04,5
1378,ASK,GOOGL,149.94,4
1379,ASK,GOOGL,152.48,5
1380,ASK,GOOGL,151.6,2
1381,BID,GOOGL,146.64,5
1382,ASK,GOOGL,151.6,3
1383,BID,GOOGL,151.57,2
1384,ASK,GOOGL,153.06,1
1385,ASK,GOOGL,150.06,4
1386,BID,GOOGL,148.93,3
1387,BID,GOOGL,150.71,1
1388,BID,GOOGL,151.39,5
1389,ASK,GOOGL,150.97,3
1390,BID,GOOGL,149.39,1
1391,BID,GOOGL,151.19,4
1392,ASK,GOOGL,152.87,4
1393,BID,GOOGL,147.3,3
1394,ASK,GOOGL,151.34,5
1395,BID,GOOGL,148.7,1
1396,BID,GOOGL,151.09,4
1397,ASK,GOOGL,152.97,2
1398,ASK,GOOGL,154.52,4
1399,ASK,GOOGL,149.97,1
1400,BID,GOOGL,146.53,4
1401,ASK,GOOGL,150.7,4
1402,ASK,GOOGL,153.77,3
1403,ASK,GOOGL,151.96,1
1404,BID,GOOGL,149.35,3
1405,BID,GOOGL,147.68,2
1406,ASK,GOOGL,148.7,1
1407,ASK,GOOGL,149.43,2
1408,ASK,GOOGL,154.07,1
1409,BID,GOOGL,146.69,3
1410,ASK,GOOGL,148.17,1
1411,BID,GOOGL,148.96,1
1412,ASK,GOOGL,151.23,1
1413,BID,GOOGL,148.64,1
1414,BID,GOOGL,150.67,2
1415,ASK,GOOGL,152.73,5
1416,BID,GOOGL,149.59,4
1417,BID,GOOGL,151.05,5
1418,ASK,GOOGL,150.47,3
1419,ASK,GOOGL,153.96,4
1420,BID,GOOGL,145.08,5
1421,BID,GOOGL,151.43,3
1422,ASK,GOOGL,150.9,4
1423,ASK,GOOGL,149.5,3
1424,ASK,GOOGL,154.6,1
1425,BID,GOOGL,151.15,1
1426,ASK,GOOGL,149.9,5
1427,ASK,GOOGL,151.53,2
1428,ASK,GOOGL,154.66,3
1429,ASK,GOOGL,150.81,4
1430,ASK,GOOGL,154.93,3
1431,ASK,GOOGL,149.69,4
1432,ASK,GOOGL,148.9,4
1433,BID,GOOGL,147.85,3
1434,ASK,GOOGL,150.06,1
1435,ASK,GOOGL,149.0,5
1436,ASK,GOOGL,150.29,3
1437,ASK,GOOGL,148.2,4
1438,ASK,GOOGL,149.15,3
1439,BID,GOOGL,148.07,2
1440,ASK,GOOGL,154.54,1
1441,ASK,GOOGL,154.93,2
1442,BID,GOOGL,149.04,5
1443,BID,GOOGL,149.08,2
1444,ASK,GOOGL,150.18,5
1445,ASK,GOOGL,152.91,4
1446,BID,GOOGL,149.96,4
1447,BID,GOOGL,150.15,4
1448,ASK,GOOGL,153.6,3
1449,BID,GOOGL,149.4,3
1450,ASK,GOOGL,154.24,4
1451,BID,GOOGL,147.59,5
1452,BID,GOOGL,146.57,5
1453,ASK,GOOGL,152.15,4
1454,BID,GOOGL,151.54,5
1455,BID,GOOGL,149.04,5
1456,ASK,GOOGL,152.04,5
1457,ASK,GOOGL,150.11,1
1458,ASK,GOOGL,151.87,2
1459,ASK,GOOGL,154.03,3
1460,BID,GOOGL,146.49,5
1461,ASK,GOOGL,154.54,3
1462,BID,GOOGL,145.89,5
1463,BID,GOOGL,149.49,5
1464,BID,GOOGL,149.77,1
1465,ASK,GOOGL,149.79,2
1466,ASK,GOOGL,150.67,1
1467,BID,GOOGL,151.11,1
1468,ASK,GOOGL,151.15,5
1469,ASK,GOOGL,151.23,1
1470,ASK,GOOGL,154.57,4
1471,BID,GOOGL,148.48,5
1472,ASK,GOOGL,148.47,2
1473,BID,GOOGL,150.59,4
1474,BID,GOOGL,149.29,1
1475,BID,GOOGL,150.6,3
1476,BID,GOOGL,150.2,2
1477,ASK,GOOGL,148.98,4
1478,BID,GOOGL,148.31,5
1479,BID,GOOGL,149.92,5
1480,BID,GOOGL,146.21,2
1481,BID,GOOGL,145.13,2
1482,ASK,GOOGL,152.67,3
1483,BID,GOOGL,149.38,4
1484,BID,GOOGL,148.5,5
1485,ASK,GOOGL,150.45,5
1486,BID,GOOGL,151.49,4
1487,BID,GOOGL,150.92,2
1488,ASK,GOOGL,153.49,5
1489,ASK,GOOGL,154.02,4
1490,BID,GOOGL,146.41,3
1491,ASK,GOOGL,149.62,2
1492,ASK,GOOGL,151.23,4
1493,ASK,GOOGL,154.23,4
1494,ASK,GOOGL,148.7,4
1495,BID,GOOGL,145.84,5
1496,ASK,GOOGL,149.99,3
1497,BID,GOOGL,147.0,2
1498,ASK,GOOGL,151.93,3
1499,BID,GOOGL,150.73,4
1500,ASK,GOOGL,153.77,5
1501,BID,GOOGL,150.41,1
1502,BID,GOOGL,149.11,1
1503,BID,GOOGL,145.03,5
1504,ASK,GOOGL,154.47,5
1505,BID,GOOGL,145.56,4
1506,ASK,GOOGL,149.83,1
1507,BID,GOOGL,145.86,1
1508,ASK,GOOGL,152.61,5
1509,BID,GOOGL,151.75,3
1510,BID,GOOGL,147.06,1
1511,ASK,GOOGL,150.05,1
1512,BID,GOOGL,146.23,1
1513,BID,GOOGL,149.53,3
1514,BID,GOOGL,150.11,3
1515,ASK,GOOGL,154.11,4
1516,BID,GOOGL,149.07,2
1517,BID,GOOGL,150.0,3
1518,BID,GOOGL,151.96,3
1519,BID,GOOGL,147.55,4
1520,ASK,GOOGL,153.66,1
1521,ASK,GOOGL,151.76,2
1522,ASK,GOOGL,153.96,2
1523,BID,GOOGL,146.18,4
1524,BID,GOOGL,150.51,5
1525,ASK,GOOGL,148.39,1
1526,ASK,GOOGL,148.84,2
1527,ASK,GOOGL,151.37,1
1528,BID,GOOGL,145.51,4
1529,BID,GOOGL,147.54,4
1530,BID,GOOGL,151.97,2
1531,ASK,GOOGL,149.09,3
1532,BID,GOOGL,145.21,3
1533,BID,GOOGL,149.86,5
1534,ASK,GOOGL,148.88,1
1535,BID,GOOGL,151.84,4
1536,ASK,GOOGL,151.38,1
1537,ASK,GOOGL,150.88,4
1538,ASK,GOOGL,152.34,3
1539,BID,GOOGL,148.59,2
1540,ASK,GOOGL,149.35,4
1541,BID,GOOGL,146.3,2
1542,ASK,GOOGL,150.42,4
1543,ASK,GOOGL,154.76,1
1544,ASK,GOOGL,154.55,5
1545,ASK,GOOGL,150.68,2
1546,ASK,GOOGL,152.37,2
1547,ASK,GOOGL,151.71,1
1548,ASK,GOOGL,154.55,5
1549,ASK,GOOGL,154.94,4
1550,ASK,GOOGL,153.43,4
1551,BID,GOOGL,146.13,5
1552,ASK,GOOGL,149.52,4
1553,ASK,GOOGL,154.43,5
1554,ASK,GOOGL,151.9,5
1555,ASK,GOOGL,154.5,2
1556,ASK,GOOGL,150.24,1
1557,BID,GOOGL,146.31,3
1558,ASK,GOOGL,150.45,4
1559,BID,GOOGL,151.37,1
1560,BID,GOOGL,151.7,1
1561,ASK,GOOGL,153.79,3
1562,BID,GOOGL,147.84,2
1563,BID,GOOGL,148.34,1
1564,BID,GOOGL,149.31,4
1565,ASK,GOOGL,153.21,4
1566,ASK,GOOGL,148.9,1
1567,ASK,GOOGL,149.68,1
1568,BID,GOOGL,145.81,1
1569,ASK,GOOGL,153.08,4
1570,ASK,GOOGL,148.47,4
1571,BID,GOOGL,149.3,3
1572,BID,GOOGL,148.53,5
1573,BID,GOOGL,149.91,4
1574,ASK,GOOGL,152.09,4
1575,BID,GOOGL,151.13,3
1576,BID,GOOGL,150.95,3
1577,BID,GOOGL,150.0,2
1578,BID,GOOGL,145.39,1
1579,BID,GOOGL,148.23,3
1580,ASK,GOOGL,150.42,4
1581,ASK,GOOGL,154.18,2
1582,ASK,GOOGL,153.26,4
1583,ASK,GOOGL,152.2,4
1584,ASK,GOOGL,154.57,5
1585,ASK,GOOGL,150.57,3
1586,ASK,GOOGL,149.37,1
1587,BID,GOOGL,146.15,5
1588,BID,GOOGL,151.27,5
1589,ASK,GOOGL,153.06,4
1590,BID,GOOGL,149.3,5
1591,ASK,GOOGL,153.61,3
1592,ASK,GOOGL,154.04,1
1593,ASK,GOOGL,148.97,2
1594,BID,GOOGL,146.56,5
1595,BID,GOOGL,146.27,5
1596,ASK,GOOGL,149.08,5
1597,BID,GOOGL,147.72,2
1598,BID,GOOGL,148.49,5
1599,ASK,GOOGL,149.84,4
1600,BID,GOOGL,150.14,4
1601,ASK,GOOGL,151.76,5
1602,ASK,GOOGL,154.33,4
1603,BID,GOOGL,151.72,2
1604,BID,GOOGL,146.39,5
1605,ASK,GOOGL,152.74,5
1606,ASK,GOOGL,154.4,1
1607,ASK,GOOGL,153.79,3
1608,BID,GOOGL,151.71,4
1609,BID,GOOGL,146.6,1
1610,ASK,GOOGL,148.39,4
1611,ASK,GOOGL,153.53,2
1612,BID,GOOGL,151.21,2
1613,BID,GOOGL,151.21,5
1614,ASK,GOOGL,150.26,2
1615,BID,GOOGL,149.77,1
1616,BID,GOOGL,148.37,5
1617,BID,GOOGL,151.42,4
1618,BID,GOOGL,146.4,1
1619,ASK,GOOGL,152.43,2
1620,ASK,GOOGL,149.67,4
1621,ASK,GOOGL,150.2,1
1622,BID,GOOGL,146.48,4
1623,ASK,GOOGL,154.06,5
1624,BID,GOOGL,146.91,3
1625,ASK,GOOGL,150.87,4
1626,BID,GOOGL,147.02,2
1627,BID,GOOGL,151.05,1
1628,BID,GOOGL,150.69,3
1629,ASK,GOOGL,150.64,1
1630,BID,GOOGL,149.51,5
1631,ASK,GOOGL,152.77,1
1632,BID,GOOGL,147.17,2
1633,ASK,GOOGL,150.72,2
1634,BID,GOOGL,148.7,2
1635,ASK,GOOGL,152.53,4
1636,ASK,GOOGL,149.12,3
1637,BID,GOOGL,151.13,3
1638,BID,GOOGL,145.91,1
1639,ASK,GOOGL,150.61,5
1640,ASK,GOOGL,153.53,5
1641,BID,GOOGL,150.48,5
1642,BID,GOOGL,148.94,5
1643,BID,GOOGL,148.62,4
1644,BID,GOOGL,147.06,1
1645,ASK,GOOGL,152.92,3
1646,ASK,GOOGL,154.87,1
1647,ASK,GOOGL,154.97,3
1648,BID,GOOGL,150.99,3
1649,BID,GOOGL,150.77,3
1650,ASK,GOOGL,148.95,5
1651,BID,GOOGL,150.44,1
1652,ASK,GOOGL,151.05,4
1653,BID,GOOGL,145.08,5
1654,BID,GOOGL,149.29,5
1655,ASK,GOOGL,148.97,3
1656,ASK,GOOGL,153.34,4
1657,ASK,GOOGL,150.52,3
1658,BID,GOOGL,145.65,5
1659,BID,GOOGL,146.79,1
1660,ASK,GOOGL,150.8,5
1661,ASK,GOOGL,151.69,4
1662,ASK,GOOGL,153.14,3
1663,ASK,GOOGL,152.86,5
1664,BID,GOOGL,149.82,2
1665,BID,GOOGL,149.71,5
1666,ASK,GOOGL,153.52,4
1667,BID,GOOGL,147.99,1
1668,ASK,GOOGL,154.78,1
1669,BID,GOOGL,147.88,4
1670,ASK,GOOGL,148.85,1
1671,BID,GOOGL,148.81,1
1672,ASK,GOOGL,152.88,3
1673,BID,GOOGL,148.88,3
1674,BID,GOOGL,149.43,3
1675,ASK,GOOGL,148.94,4
1676,BID,GOOGL,145.79,4
1677,BID,GOOGL,146.61,2
1678,ASK,GOOGL,151.87,3
1679,BID,GOOGL,146.29,5
1680,ASK,GOOGL,154.17,4
1681,ASK,GOOGL,148.9,1
1682,ASK,GOOGL,149.96,4
1683,ASK,GOOGL,148.32,5
1684,ASK,GOOGL,149.33,3
1685,ASK,GOOGL,154.8,5
1686,ASK,GOOGL,148.0,1
1687,ASK,GOOGL,149.32,2
1688,BID,GOOGL,149.2,1
1689,BID,GOOGL,149.15,2
1690,ASK,GOOGL,152.02,4
1691,BID,GOOGL,149.76,1
1692,BID,GOOGL,147.17,2
1693,BID,GOOGL,148.21,1
1694,BID,GOOGL,146.64,5
1695,ASK,GOOGL,154.42,1
1696,BID,GOOGL,145.33,5
1697,ASK,GOOGL,152.79,2
1698,BID,GOOGL,147.96,2
1699,BID,GOOGL,145.17,4
1700,ASK,GOOGL,154.04,5
1701,ASK,GOOGL,153.38,2
1702,ASK,GOOGL,152.61,1
1703,ASK,GOOGL,154.14,4
1704,ASK,GOOGL,149.29,4
1705,BID,GOOGL,148.38,1
1706,BID,GOOGL,151.3,3
1707,BID,GOOGL,146.22,5
1708,BID,GOOGL,151.48,4
1709,ASK,GOOGL,149.78,2
1710,BID,GOOGL,145.59,3
1711,BID,GOOGL,146.96,2
1712,BID,GOOGL,150.95,5
1713,ASK,GOOGL,153.37,2
1714,BID,GOOGL,145.89,5
1715,BID,GOOGL,150.61,3
1716,ASK,GOOGL,149.03,3
1717,BID,GOOGL,147.28,4
1718,BID,GOOGL,145.89,3
1719,BID,GOOGL,147.71,1
1720,ASK,GOOGL,151.89,1
1721,ASK,GOOGL,150.48,5
1722,BID,GOOGL,147.55,2
1723,ASK,GOOGL,148.43,1
1724,ASK,GOOGL,153.77,1
1725,ASK,GOOGL,154.03,2
1726,BID,GOOGL,147.57,1
1727,ASK,GOOGL,148.54,4
1728,ASK,GOOGL,149.88,4
1729,ASK,GOOGL,149.39,5
1730,ASK,GOOGL,149.69,4
1731,ASK,GOOGL,153.9,2
1732,BID,GOOGL,148.26,5
1733,ASK,GOOGL,149.38,3
1734,ASK,GOOGL,153.63,1
1735,BID,GOOGL,151.07,2
1736,BID,GOOGL,148.47,4
1737,ASK,GOOGL,154.8,4
1738,ASK,GOOGL,151.98,5
1739,BID,GOOGL,148.87,1
1740,BID,GOOGL,151.25,2
1741,BID,GOOGL,148.23,1
1742,ASK,GOOGL,154.71,3
1743,BID,GOOGL,146.76,2
1744,ASK,GOOGL,152.22,2
1745,ASK,GOOGL,148.66,5
1746,BID,GOOGL,148.53,2
1747,BID,GOOGL,150.34,5
1748,ASK,GOOGL,148.27,3
1749,BID,GOOGL,151.33,2
1750,ASK,GOOGL,149.88,2
1751,ASK,GOOGL,154.16,4
1752,BID,GOOGL,147.91,1
1753,BID,GOOGL,147.26,3
1754,ASK,GOOGL,151.26,3
1755,BID,GOOGL,151.23,2
1756,BID,GOOGL,145.5,2
1757,ASK,GOOGL,153.66,1
1758,ASK,GOOGL,154.63,3
1759,ASK,GOOGL,151.74,5
1760,ASK,GOOGL,149.02,4
1761,ASK,GOOGL,154.57,4
1762,BID,GOOGL,151.53,2
1763,BID,GOOGL,146.03,5
1764,ASK,GOOGL,151.71,5
1765,ASK,GOOGL,152.4,4
1766,BID,GOOGL,149.41,2
1767,BID,GOOGL,151.85,5
1768,BID,GOOGL,145.41,2
1769,BID,GOOGL,148.23,3
1770,BID,GOOGL,147.33,2
1771,BID,GOOGL,148.78,5
1772,ASK,GOOGL,153.49,2
1773,ASK,GOOGL,152.04,3
1774,ASK,GOOGL,148.17,2
1775,ASK,GOOGL,151.15,2
1776,ASK,GOOGL,150.88,4
1777,BID,GOOGL,147.35,5
1778,BID,GOOGL,146.41,1
1779,BID,GOOGL,150.46,2
1780,ASK,GOOGL,149.74,2
1781,ASK,GOOGL,153.29,5
1782,BID,GOOGL,146.97,5
1783,ASK,GOOGL,151.43,4
1784,ASK,GOOGL,148.77,2
1785,ASK,GOOGL,148.27,2
1786,BID,GOOGL,146.66,3
1787,BID,GOOGL,149.1,4
1788,BID,GOOGL,151.71,3
1789,ASK,GOOGL,154.17,4
1790,BID,GOOGL,148.99,5
1791,BID,GOOGL,148.66,4
1792,ASK,GOOGL,154.83,3
1793,ASK,GOOGL,153.49,2
1794,BID,GOOGL,148.6,3
1795,ASK,GOOGL,148.54,3
1796,BID,GOOGL,151.21,1
1797,BID,GOOGL,152.0,1
1798,ASK,GOOGL,154.4,4
1799,ASK,GOOGL,150.37,5
1800,ASK,GOOGL,153.83,4
1801,BID,GOOGL,147.74,3
1802,BID,GOOGL,149.42,2
1803,BID,GOOGL,149.2,5
1804,BID,GOOGL,150.47,2
1805,BID,GOOGL,151.97,3
1806,BID,GOOGL,145.26,1
1807,BID,GOOGL,151.31,1
1808,BID,GOOGL,149.8,5
1809,ASK,GOOGL,149.0,5
1810,ASK,GOOGL,149.35,4
1811,BID,GOOGL,147.0,1
1812,BID,GOOGL,149.48,3
1813,ASK,GOOGL,151.14,1
1814,BID,GOOGL,151.18,3
1815,ASK,GOOGL,154.14,5
1816,ASK,GOOGL,152.18,1
1817,BID,GOOGL,145.99,1
1818,BID,GOOGL,146.75,1
1819,ASK,GOOGL,154.3,3
1820,ASK,GOOGL,154.73,4
1821,BID,GOOGL,151.69,5
1822,BID,GOOGL,148.74,1
1823,ASK,GOOGL,151.47,2
1824,BID,GOOGL,145.63,1
1825,ASK,GOOGL,153.86,5
1826,ASK,GOOGL,148.6,1
1827,ASK,GOOGL,148.37,5
1828,ASK,GOOGL,154.04,4
1829,ASK,GOOGL,152.82,3
1830,BID,GOOGL,145.96,4
1831,ASK,GOOGL,149.67,5
1832,ASK,GOOGL,149.09,3
1833,BID,GOOGL,149.12,5
1834,BID,GOOGL,150.97,4
1835,BID,GOOGL,145.44,5
1836,ASK,GOOGL,153.44,4
1837,BID,GOOGL,151.88,5
1838,ASK,GOOGL,152.15,1
1839,BID,GOOGL,149.17,5
1840,ASK,GOOGL,152.49,2
1841,ASK,GOOGL,154.8,3
1842,BID,GOOGL,149.64,5
1843,BID,GOOGL,151.74,1
1844,BID,GOOGL,145.26,5
1845,ASK,GOOGL,150.02,5
1846,ASK,GOOGL,154.5,5
1847,BID,GOOGL,151.51,4
1848,ASK,GOOGL,150.99,5
1849,BID,GOOGL,147.12,1
1850,BID,GOOGL,145.2,2
1851,BID,GOOGL,151.43,3
1852,BID,GOOGL,147.45,3
1853,ASK,GOOGL,150.13,1
1854,ASK,GOOGL,148.54,5
1855,ASK,GOOGL,149.17,3
1856,BID,GOOGL,147.35,4
1857,BID,GOOGL,151.09,3
1858,BID,GOOGL,150.22,3
1859,ASK,GOOGL,152.02,4
1860,ASK,GOOGL,150.03,4
1861,ASK,GOOGL,153.74,5
1862,ASK,GOOGL,148.02,3
1863,BID,GOOGL,151.9,1
1864,ASK,GOOGL,150.13,1
1865,BID,GOOGL,151.65,3
1866,BID,GOOGL,149.49,5
1867,BID,GOOGL,147.74,1
1868,ASK,GOOGL,154.99,4
1869,ASK,GOOGL,154.87,2
1870,BID,GOOGL,148.92,3
1871,ASK,GOOGL,148.66,2
1872,BID,GOOGL,151.86,4
1873,ASK,GOOGL,150.58,3
1874,BID,GOOGL,145.01,3
1875,BID,GOOGL,151.01,1
1876,ASK,GOOGL,151.0,5
1877,BID,GOOGL,148.93,4
1878,BID,GOOGL,148.99,5
1879,BID,GOOGL,147.12,4
1880,ASK,GOOGL,151.15,1
1881,ASK,GOOGL,152.4,4
1882,BID,GOOGL,151.9,4
1883,BID,GOOGL,145.05,5
1884,BID,GOOGL,151.46,2
1885,BID,GOOGL,149.6,5
1886,BID,GOOGL,149.73,1
1887,BID,GOOGL,147.51,1
1888,ASK,GOOGL,152.89,2
1889,ASK,GOOGL,148.89,3
1890,ASK,GOOGL,152.8,2
1891,BID,GOOGL,149.6,1
1892,BID,GOOGL,146.86,4
1893,BID,GOOGL,151.02,2
1894,BID,GOOGL,148.4,2
1895,ASK,GOOGL,149.48,3
1896,BID,GOOGL,149.63,4
1897,ASK,GOOGL,153.87,4
1898,BID,GOOGL,150.57,3
1899,ASK,GOOGL,148.33,1
1900,ASK,GOOGL,152.56,4
1901,BID,GOOGL,145.48,3
1902,ASK,GOOGL,150.68,1
1903,ASK,GOOGL,148.55,5
1904,BID,GOOGL,145.57,5
1905,BID,GOOGL,150.87,3
1906,ASK,GOOGL,153.36,1
1907,ASK,GOOGL,154.38,1
1908,ASK,GOOGL,152.8,3
1909,ASK,GOOGL,154.68,2
1910,BID,GOOGL,149.98,4
1911,ASK,GOOGL,148.19,4
1912,ASK,GOOGL,152.94,3
1913,BID,GOOGL,149.56,3
1914,BID,GOOGL,151.31,2
1915,BID,GOOGL,145.55,4
1916,ASK,GOOGL,154.99,3
1917,BID,GOOGL,151.13,4
1918,ASK,GOOGL,151.71,3
1919,BID,GOOGL,146.71,4
1920,BID,GOOGL,145.95,2
1921,ASK,GOOGL,154.62,4
1922,ASK,GOOGL,152.45,1
1923,ASK,GOOGL,152.48,1
1924,BID,GOOGL,148.61,2
1925,ASK,GOOGL,148.19,5
1926,ASK,GOOGL,152.99,4
1927,BID,GOOGL,146.01,4
1928,ASK,GOOGL,152.43,4
1929,BID,GOOGL,150.73,1
1930,BID,GOOGL,145.49,2
1931,ASK,GOOGL,153.22,4
1932,BID,GOOGL,146.09,2
1933,BID,GOOGL,151.63,1
1934,ASK,GOOGL,149.79,5
1935,BID,GOOGL,150.33,3
1936,ASK,GOOGL,152.78,5
1937,BID,GOOGL,145.5,2
1938,ASK,GOOGL,151.78,3
1939,BID,GOOGL,150.6,5
1940,ASK,GOOGL,153.42,5
1941,BID,GOOGL,147.26,5
1942,ASK,GOOGL,149.88,1
1943,ASK,GOOGL,154.88,3
1944,ASK,GOOGL,148.69,2
1945,BID,GOOGL,145.39,1
1946,BID,GOOGL,145.82,4
1947,BID,GOOGL,148.01,1
1948,ASK,GOOGL,148.28,4
1949,BID,GOOGL,150.26,5
1950,ASK,GOOGL,150.61,2
1951,ASK,GOOGL,152.14,5
1952,ASK,GOOGL,154.28,4
1953,BID,GOOGL,151.23,3
1954,ASK,GOOGL,154.47,1
1955,BID,GOOGL,146.54,1
1956,ASK,GOOGL,151.0,5
1957,BID,GOOGL,150.66,2
1958,BID,GOOGL,145.14,3
1959,BID,GOOGL,149.89,5
1960,ASK,GOOGL,151.75,4
1961,BID,GOOGL,147.89,3
1962,ASK,GOOGL,151.85,5
1963,ASK,GOOGL,149.12,1
1964,ASK,GOOGL,152.16,2
1965,ASK,GOOGL,151.27,4
1966,BID,GOOGL,151.03,3
1967,ASK,GOOGL,151.51,5
1968,ASK,GOOGL,153.45,2
1969,ASK,GOOGL,148.33,1
1970,ASK,GOOGL,154.47,1
1971,BID,GOOGL,147.32,2
1972,BID,GOOGL,150.95,1
1973,BID,GOOGL,151.26,4
1974,ASK,GOOGL,151.06,2
1975,BID,GOOGL,148.36,3
1976,BID,GOOGL,151.47,3
1977,ASK,GOOGL,151.54,1
1978,ASK,GOOGL,153.02,5
1979,ASK,GOOGL,154.89,5
1980,ASK,GOOGL,154.27,4
1981,BID,GOOGL,146.01,5
1982,BID,GOOGL,148.13,5
1983,BID,GOOGL,149.03,1
1984,ASK,GOOGL,151.87,5
1985,BID,GOOGL,149.13,4
1986,BID,GOOGL,148.54,1
1987,ASK,GOOGL,154.7,5
1988,ASK,GOOGL,152.94,5
1989,BID,GOOGL,147.96,4
1990,BID,GOOGL,151.76,4
1991,ASK,GOOGL,151.16,3
1992,BID,GOOGL,147.15,3
1993,BID,GOOGL,150.03,4
1994,ASK,GOOGL,149.12,3
1995,BID,GOOGL,147.38,4
1996,BID,GOOGL,148.81,4
1997,ASK,GOOGL,153.77,1
1998,ASK,GOOGL,149.96,1
1999,ASK,GOOGL,148.18,5
